92242	covid19	COVID-19
7866	coronavirusdisease2019	coronavirus disease 2019
3497	sarscov2infection	SARS-CoV-2 infection
3126	covid19infection	COVID-19 infection
1447	covid19pneumonia	COVID-19 pneumonia
1359	covid	COVID
1155	coronavirusdisease	coronavirus disease
816	covid19disease	COVID-19 disease
461	coronavirusdisease19	coronavirus disease-19
402	novelcoronavirusdisease2019	novel coronavirus disease 2019
384	novelcoronavirusdisease	novel coronavirus disease
303	novelcoronaviruspneumonia	novel coronavirus pneumonia
302	covid19infections	COVID-19 infections
276	sarscov2infected	SARS-CoV-2 infected
263	severeacuterespiratorysyndromecoronavirus2sarscov2infection	severe acute respiratory syndrome coronavirus 2 (SARS-CoV-2) infection
261	sarscov2infections	SARS-CoV-2 infections
202	covid19infected	COVID-19 infected
191	2019novelcoronavirusdisease	2019 novel coronavirus disease
189	ncp	NCP
154	sarscov2pneumonia	SARS-CoV-2 pneumonia
149	2019ncovinfection	2019-nCoV infection
141	covid2019	COVID-2019
128	2019coronavirusdisease	2019 coronavirus disease
111	novelcoronavirusinfection	novel coronavirus infection
100	severeacuterespiratorysyndromecoronavirus2infection	severe acute respiratory syndrome coronavirus 2 infection
99	covid19illness	COVID-19 illness
87	coronavirusdisease2019covid19infection	coronavirus disease 2019 (COVID-19) infection
75	coronavirusdiseaseof2019	coronavirus disease of 2019
73	2019novelcoronaviruspneumonia	2019 novel coronavirus pneumonia
63	coronavirusdisease2019covid19pneumonia	coronavirus disease 2019 (COVID-19) pneumonia
57	2019novelcoronavirusinfection	2019 novel coronavirus infection
55	newcoronaviruspneumonia	new coronavirus pneumonia
54	2019ncovpneumonia	2019-nCoV pneumonia
43	newcoronavirusdisease	new coronavirus disease
40	covid19associatedpneumonia	COVID-19 associated pneumonia
38	diseasecausedbysarscov2	disease caused by SARS-CoV-2
36	covid19ards	COVID-19 ARDS
36	coronavirusdisease2019infection	coronavirus disease 2019 infection
34	sarscov2disease	SARS-CoV-2 disease
30	coronavirusdisease2019pneumonia	Coronavirus Disease 2019 Pneumonia
29	sarscov2virusinfection	SARS-CoV-2 virus infection
29	covidinfection	COVID infection
28	infectiousdiseasecausedbysevereacuterespiratorysyndromecoronavirus2	infectious disease caused by severe acute respiratory syndrome coronavirus 2
27	covid19relatedards	COVID-19-related ARDS
27	coronavirusdiseases	coronavirus diseases
26	coronavirusdiseasecovid19pneumonia	Coronavirus Disease (COVID-19) Pneumonia
25	covid19relatedpneumonia	COVID-19-related pneumonia
25	coronavirusinfectiousdisease2019	coronavirus infectious disease 2019
24	novelcoronavirusdisease19	novel coronavirus disease-19
24	newcoronavirusinfection	new coronavirus infection
24	covid19virusinfection	COVID-19 virus infection
24	coronavirusdiseasecovid19	coronavirus disease (COVID)-19
24	2019ncovinfected	2019-nCoV-infected
23	covid19acuterespiratorydistresssyndrome	COVID-19 acute respiratory distress syndrome
20	coronavirus2019disease	coronavirus 2019 disease
19	diseasecausedbysevereacuterespiratorysyndromecoronavirus2	disease caused by severe acute respiratory syndrome coronavirus 2
18	newcoronavirusdisease2019	new coronavirus disease 2019
18	covid19syndrome	COVID-19 syndrome
17	sarscov2covid19infection	SARS-CoV-2 (COVID-19) infection
17	2019novelcoronaviruscovid19pneumonia	2019 novel coronavirus (COVID-19) pneumonia
16	novelcoronavirus2019ncovinfection	novel coronavirus (2019-nCoV) infection
16	covid19diseases	COVID-19 diseases
16	2019novelcoronavirus2019ncovpneumonia	2019 novel coronavirus (2019-nCoV) pneumonia
16	2019novelcoronavirus2019ncovinfection	2019 novel coronavirus (2019-nCoV) infection
15	novelcoronavirusinfectedpneumonia	novel coronavirus-infected pneumonia
15	novelcoronaviruscovid19infection	novel coronavirus (COVID-19) infection
14	severeacuterespiratorysyndromecoronavirus2sarscov2infections	severe acute respiratory syndrome coronavirus 2 (SARS-CoV-2) infections
14	novelcoronaviruscovid19pneumonia	novel coronavirus (COVID-19) pneumonia
13	severeacuterespiratorysyndromecoronavirus2sarscov2disease	severe acute respiratory syndrome coronavirus 2 (SARS-CoV-2) disease
13	covid19relateddisease	COVID-19-related disease
12	sarscov2associatedpneumonia	SARS-CoV-2-associated pneumonia
12	novelcoronavirussarscov2infection	novel coronavirus (SARS-CoV-2) infection
12	covidpneumonia	COVID pneumonia
12	coronavirusdiseases2019	Coronavirus diseases 2019
12	coronavirus19disease	Coronavirus-19 disease
12	2019ncovinfections	2019-nCoV infections
11	novelsarscov2infection	novel SARS-CoV-2 infection
11	covid19relatedacuterespiratorydistresssyndrome	COVID-19-related acute respiratory distress syndrome
11	covid19associatedards	COVID-19 associated ARDS
10	sarscov2relatedpneumonia	SARS-CoV-2 related pneumonia
10	novelcoronavirusdiseaseof2019	novel coronavirus disease of 2019
10	infectiousdiseasecausedbysarscov2	infectious disease caused by SARS-CoV-2
10	infectioncausedbysevereacuterespiratorysyndromecoronavirus2	infection caused by severe acute respiratory syndrome coronavirus 2
10	covid19associatedacuterespiratorydistresssyndrome	COVID-19 Associated Acute Respiratory Distress Syndrome
10	coronavirusinfectiousdisease19	coronavirus infectious disease-19
10	coronavirusinfectiousdisease	coronavirus infectious disease
9	severeacuterespiratorysyndromecoronavirus2sarscov2pneumonia	severe acute respiratory syndrome coronavirus 2 (SARS-CoV-2) pneumonia
9	severeacuterespiratorysyndromecoronavirus2sarscov2infected	severe acute respiratory syndrome coronavirus 2 (SARS-CoV-2) infected
9	novelcoronavirussarscov2infectedpneumonia	novel coronavirus (SARS-CoV-2)-infected pneumonia
9	novelcoronavirus2019infection	novel coronavirus 2019 infection
9	illnesscausedbysarscov2	illness caused by SARS-CoV-2
9	covdiseases	CoV diseases
9	cov2infection	CoV-2 infection
9	acuterespiratorysyndromecausedbycoronavirus2	acute respiratory syndrome caused by coronavirus 2
9	2019novelcoronavirusinfectedpneumonia	2019 novel coronavirus-infected pneumonia
8	sarscov2coronavirusinfection	SARS-CoV-2 coronavirus infection
8	pneumoniacausedbysevereacuterespiratorysyndromecoronavirus2	pneumonia caused by severe acute respiratory syndrome coronavirus 2
8	pneumoniacausedbysarscov2	pneumonia caused by SARS-CoV-2
8	coronavirusdiseasecovid19causedbysevereacuterespiratorysyndromecoronavirus2	Coronavirus disease (COVID-19) caused by severe acute respiratory syndrome coronavirus 2
8	coronavirusdisease2019covid19infections	coronavirus disease 2019 (COVID-19) infections
8	coronavirusdisease2019covid19disease	coronavirus disease 2019 (COVID-19) disease
8	coronavirusdisease19covid19infection	Coronavirus disease-19 (COVID-19) infection
7	sarscov2relateddisease	SARS-CoV-2-related disease
7	pneumoniacausedbynovelcoronavirus	pneumonia caused by novel coronavirus
7	novelcoronavirusinfections	novel coronavirus infections
7	novelcoronavirus2019disease	novel coronavirus 2019 disease
7	infectionscausedbysarscov2	infections caused by SARS-CoV-2
7	covdisease2019	CoV disease 2019
7	coronavirusdisease19covid19pneumonia	coronavirus disease-19 (COVID-19) pneumonia
6	wuhanpneumonia	Wuhan pneumonia
6	severeacuterespiratorysyndromecoronavirus2relatedacuterespiratorydistresssyndrome	severe acute respiratory syndrome coronavirus 2-related acute respiratory distress syndrome
6	severeacuterespiratorysyndromecoronavirus2pneumonia	severe acute respiratory syndrome coronavirus 2 pneumonia
6	sarscov2associateddisease	SARS-CoV-2-associated disease
6	pneumoniaduetosarscov2	pneumonia due to SARS-CoV-2
6	novelcoronavirusinfectiousdisease	novel coronavirus infectious disease
6	infectioncausedbysarscov2	infection caused by SARS-CoV-2
6	covidinfected	COVID-infected
6	covid2019pneumonia	COVID-2019 pneumonia
6	covid19respiratoryinfection	COVID-19 respiratory infection
6	covid19respiratorydisease	COVID-19 respiratory disease
6	covid19associatedillness	COVID-19-associated illness
6	coronavirusdiseasecovid19causedbysarscov2	coronavirus disease (COVID-19) caused by SARS-CoV-2
6	coronavirusdisease2019infections	coronavirus disease 2019 infections
6	coronavirus2sarscov2infection	coronavirus 2 (SARS-CoV-2) infection
6	2019novelcoronavirusdiseases	2019 novel coronavirus diseases
6	2019novelcoronaviruscovid19infection	2019 novel coronavirus (COVID-19) infection
6	19coronavirusinfection	19 coronavirus infection
5	sarscov2relatedards	SARS-CoV-2-related ARDS
5	sarscov2illness	SARS-CoV-2 illness
5	sarscov2associatedards	SARS-Cov-2-associated ARDS
5	respiratorydiseasecausedbysevereacuterespiratorysyndromecoronavirus2	respiratory disease caused by severe acute respiratory syndrome coronavirus 2
5	novelcoronavirusdisease2019covid19infection	novel coronavirus disease 2019 (COVID-19) infection
5	novelcoronavirus2019ncovinfectedpneumonia	novel coronavirus (2019-nCoV)-infected pneumonia
5	infectionfromsarscov2	infection from SARS-CoV-2
5	covid19illnesses	COVID-19 illnesses
5	covid19coronavirusinfection	COVID-19 coronavirus infection
5	coronavirussyndromes	coronavirus syndromes
5	coronavirusdiseasecovid19infection	coronavirus disease (COVID-19) infection
5	2019ncovdisease	2019-nCoV disease
4	sarscov2virusinfections	SARS-CoV-2 virus infections
4	sarscov2relatedacuterespiratorydistresssyndrome	SARS-CoV-2-related acute respiratory distress syndrome
4	sarscov2infectedpneumonia	SARS-CoV-2 infected pneumonia
4	pneumoniacausedby2019ncov	pneumonia caused by 2019-nCoV
4	novelsevereacuterespiratorysyndromecoronavirus2sarscov2infection	novel severe acute respiratory syndrome coronavirus 2 (SARS-CoV-2) infection
4	novelcoronavirusinfectionpneumonia	Novel Coronavirus Infection Pneumonia
4	novelcoronavirusdiseases	novel coronavirus diseases
4	novelcoronavirusdiseasecovid19causedbysevereacuterespiratorysyndromecoronavirus2	novel coronavirus disease (COVID-19) caused by severe acute respiratory syndrome coronavirus 2
4	newcoronaviruscovid19infection	new coronavirus (COVID-19) infection
4	covid2019infection	COVID-2019 infection
4	covid19sarscov2infection	COVID-19 (SARS-CoV-2) infection
4	covid19respiratorysyndrome	COVID-19 respiratory syndrome
4	covid19infectiousdisease	covId-19 infeCtious disease
4	covid19infectious	COVID-19 infectious
4	covid19disorders	COVID-19 disorders
4	covdisease	CoV disease
4	cov19infection	CoV-19 infection
4	coronavirussarscov2disease	Coronavirus (SARS-CoV-2) disease
4	coronavirusillness	coronavirus illness
4	coronavirusdisease2019covid19infected	coronavirus disease 2019 (COVID-19)-infected
4	coronavirusdisease19covid19infected	coronavirus disease-19 (COVID-19) infected
4	coronaviruscovdisease2019	Coronavirus (CoV) disease 2019
4	ardscausedbysarscov2	ARDS caused by SARS-CoV2
4	2019novelcoronavirus2019ncovinfections	2019 novel coronavirus (2019-nCoV) infections
4	2019coronavirusinfection	2019 coronavirus infection
3	wuhancoronavirusinfection	Wuhan coronavirus infection
3	virus2sarscov2infection	virus-2 (SARS-CoV-2) infection
3	severeacuterespiratorysyndromerelatedcoronavirus2infection	severe acute respiratory syndrome-related coronavirus 2 infection
3	severeacuterespiratorysyndromecoronavirus2sarscov2relateddisease	severe acute respiratory syndrome coronavirus 2 (SARS-CoV-2)-related disease
3	severeacuterespiratorysyndromecoronavirus2infected	severe acute respiratory syndrome coronavirus 2 infected
3	sarscov2severeacuterespiratorysyndromecoronavirus2infection	SARS-CoV-2 (severe acute respiratory syndrome coronavirus 2) infection
3	sarscov2respiratoryinfection	SARS-CoV-2 respiratory infection
3	sarscov2infectious	SARS-CoV-2 infectious
3	sarscov2infectiondisease	SARS-Cov-2 infection disease
3	sarscov2associatedacuterespiratorydistresssyndrome	SARS-Cov-2-associated acute respiratory distress syndrome
3	novelcoronavirussarscov2infections	novel coronavirus (SARS-CoV2) infections
3	novelcoronavirussarscov2disease	novel coronavirus (SARS-CoV-2) disease
3	novelcoronaviruspneumoniacausedbysarscov2	novel coronavirus pneumonia caused by SARS-CoV-2
3	novelcoronavirusdisease2019covid19pneumonia	novel coronavirus disease 2019 (COVID-19) pneumonia
3	novelcoronaviruscovid19infections	novel coronavirus (COVID-19) infections
3	infectionduetosarscov2	infection due to SARS-CoV-2
3	illnesscausedbysevereacuterespiratorysyndromecoronavirus2	illness caused by severe acute respiratory syndrome coronavirus 2
3	diseasescausedbysarscov2	diseases caused by SARS-CoV-2
3	diseasefromsarscov2	disease from SARS-CoV-2
3	coviddisease	COVID disease
3	covidards	COVID-ARDS
3	covid19relateddiseases	COVID-19 related diseases
3	covid19infectedpneumonia	COVID-19-infected pneumonia
3	coronavirussyndrome	coronavirus syndrome
3	coronavirusinfectiousdiseases	coronavirus infectious diseases
3	coronavirusdisease2019infected	Coronavirus Disease 2019 Infected
3	coronavirusdisease2019covid19illness	Coronavirus Disease 2019 (COVID-19) Illness
3	coronavirusdisease2019covid19associatedpneumonia	coronavirus disease 2019 (COVID-19)-associated pneumonia
3	coronavirusdisease2019acuterespiratorydistresssyndrome	coronavirus disease 2019 acute respiratory distress syndrome
3	coronaviruscovid19disease	Coronavirus (COVID-19) Disease
3	coronavirus2syndrome	coronavirus 2 syndrome
3	coronavirus2019infection	coronavirus 2019 infection
3	coronavirus19covid19infection	coronavirus 19 (COVID-19) infection
3	acuterespiratorysyndromesarsduetocoronaviruscov2	acute respiratory syndrome (SARS) due to coronavirus (CoV) 2
3	acuterespiratorysyndromecoronavirus2sarscov2infection	acute respiratory syndrome coronavirus 2 (SARS-CoV-2) infection
3	acuterespiratorydistresssyndromeduetosarscov2	acute respiratory distress syndrome due to SARS-CoV-2
3	2019novelcoronavirussarscov2infection	2019 novel coronavirus (SARS-CoV2) infection
3	2019novelcoronavirusinfections	2019 novel coronavirus infections
3	2019novelcoronavirusinfected	2019-novel coronavirus infected
3	2019novelcoronavirus2019ncovinfectedpneumonia	2019 novel coronavirus (2019-nCoV) infected pneumonia
3	2019ncovacuterespiratorydisease	2019-nCoV acute respiratory disease
2	wuhannovelcoronavirusinfection	Wuhan Novel Coronavirus Infection
2	severeacuterespiratorysyndromerelatedcoronavirus2sarscov2infection	severe acute respiratory syndrome-related coronavirus-2 (SARS-CoV-2) infection
2	severeacuterespiratorysyndromecoronavirus2sarscov2previouslyprovisionallynamed2019novelcoronavirusor2019ncovdisease	severe acute respiratory syndrome coronavirus 2 (SARS-CoV-2; previously provisionally named 2019 novel coronavirus or 2019-nCoV) disease
2	severeacuterespiratorysyndromecoronavirus2infections	severe acute respiratory syndrome coronavirus 2 infections
2	sarscov2coronavirusdisease	SARS-CoV-2 coronavirus disease
2	sarscov2associatedcoronavirusdisease	SARS-CoV-2-associated Coronavirus Disease
2	sarscoronavirus2sarscov2infection	SARS-Coronavirus-2 (SARS-CoV-2) infection
2	sarscoronavirus2infection	SARS-Coronavirus-2 infection
2	respiratoryinfectioncausedbysevereacuterespiratorysyndromecoronavirus2	respiratory infection caused by severe acute respiratory syndrome coronavirus 2
2	pneumoniafromsarscov2	pneumonia from SARS-CoV-2
2	pneumoniaduetosevereacuterespiratorysyndromecoronavirus2	pneumonia due to severe acute respiratory syndrome coronavirus 2
2	pneumoniacausedbynewcoronavirus	pneumonia caused by new coronavirus
2	novelcoronavirusinfected	novel coronavirus infected
2	novelcoronavirusdiseases2019	novel coronavirus diseases 2019
2	novelcoronavirusdiseaseinfection	novel coronavirus disease infection
2	novelcoronavirusdiseasecovid19pneumonia	Novel Coronavirus Disease (COVID-19) Pneumonia
2	novelcoronavirusdiseasecovid19infection	Novel coronavirus disease (COVID-19) infection
2	novelcoronavirusdisease2019infection	novel coronavirus disease 2019 infection
2	novelcoronavirusdisease2019covid19infections	novel coronavirus disease 2019 (COVID-19) infections
2	novelcoronavirus2019pneumonia	Novel Corona Virus 2019 pneumonia
2	novelcoronavirus2019covid19infected	novel coronavirus 2019 (COVID-19) infected
2	novelcoronavirus2019 2019ncovinfection	Novel Coronavirus 2019 (2019-nCoV) Infection
2	newsarscov2infection	new SARS-CoV2 infection
2	newcoronavirussarscov2infection	new coronavirus (SARS-CoV-2) infection
2	ncovinfection	nCoV infection
2	ncov19infection	nCoV-19 infection
2	infectionsduetosarscov2	infections due to SARS-CoV-2
2	infectionscausedbysevereacuterespiratorysyndromecoronavirus2	infections caused by severe acute respiratory syndrome coronavirus 2
2	infectionduetosevereacuterespiratorysyndromecoronavirus2	infection due to severe acute respiratory syndrome coronavirus 2
2	diseasecausedbysarscov2virus	disease caused by SARS-CoV-2 virus
2	diseasecausedbysarscov2coronavirus	disease caused by SARS-CoV-2 coronavirus
2	diseasecausedbynovelcoronavirus	disease caused by novel coronavirus
2	diseasecausedby2019newcoronavirus	disease caused by 2019 new Coronavirus
2	covidinfections	covid infections
2	covidillness	COVID illness
2	covid2019disease	COVID-2019 disease
2	covid19respiratoryillness	COVID-19 respiratory illness
2	covid19respiratorydistresssyndrome	COVID-19 respiratory distress syndrome
2	covid19relatedrespiratorysyndrome	COVID-19-related respiratory syndrome
2	covid19relatedrespiratoryillness	COVID-19 related respiratory illness
2	covid19relatedinfections	COVID-19-Related Infections
2	covid19relatedillnesses	COVID-19-related illnesses
2	covid19pneumonias	COVID-19 pneumonias
2	covid19coronavirusdisease	COVID-19 coronavirus disease
2	coronavirusinfectiousdiseasecovid19causedbysevereacuterespiratorysyndromecoronavirus2	Coronavirus infectious disease (COVID-19) caused by severe acute respiratory syndrome coronavirus 2
2	coronavirusinfectiousdiseasecovid19	coronavirus infectious disease (COVID)-19
2	coronavirusdiseaseinfection	Coronavirus Disease Infection
2	coronavirusdiseasecovid19duetosarscov2	coronavirus disease (COVID-19) due to SARS-CoV-2
2	coronavirusdisease19pneumonia	coronavirus disease-19 pneumonia
2	coronavirusdisease19infection	Coronavirus Disease 19 Infection
2	coronavirusdisease19disease	COronaVIrus Disease-19 disease
2	coronavirus2infection	coronavirus-2 infection
2	coronavirus2019covid19infections	Coronavirus 2019 (COVID-19) Infections
2	coronavirus2019covid19infection	Coronavirus 2019 (COVID-19) Infection
2	coronavirus2019covid19disease	coronavirus 2019 (COVID-19) disease
2	coronavirus19infection	Coronavirus 19 Infection
2	acuterespiratorydiseasecausedbysevereacuterespiratorysyndromecoronavirus2	acute respiratory disease caused by severe acute respiratory syndrome-coronavirus-2
2	2019novelcoronavirussarscov2pneumonia	2019 novel coronavirus (SARS-CoV-2) pneumonia
2	2019novelcoronavirussarscov2disease	2019 novel coronavirus (SARS-CoV-2) disease
2	2019novelcoronavirusinfectiondisease	2019 novel coronavirus infection disease
2	2019novelcoronavirusdiseasecovid19infection	2019 novel coronavirus disease (COVID-19) infection
2	2019novelcoronavirusdiseasecovid19infected	2019 novel coronavirus disease (COVID-19) infected
2	2019novelcoronavirus2019ncovdisease	2019 novel coronavirus (2019-nCoV) disease
2	2019ncovrelatedpneumonia	2019-nCoV-related pneumonia
2	2019ncovpneumoniainfection	2019-nCoV pneumonia infection
2	2019ncovinfectedpneumonia	2019-nCoV infected pneumonia
2	2019coronavirusdiseases	2019 coronavirus diseases
2	2019coronavirusdiseasecovid19pneumonia	2019 coronavirus disease (COVID-19) pneumonia
1	wuhancoronaviruspneumonia	Wuhan Coronavirus Pneumonia
1	wuhancoronaviruscovid19infection	Wuhan coronavirus (COVID-19) infection
1	virus2infection	virus-2 infection
1	syndromecausedbysarscov2	syndrome caused by SARS-CoV-2
1	severeacuterespiratorysyndromesarscoronavirus2sarscov2infection	severe acute respiratory syndrome (SARS) coronavirus 2 (SARS-CoV-2) infection
1	severeacuterespiratorysyndromecov2infection	Severe Acute Respiratory Syndrome-CoV-2 Infection
1	severeacuterespiratorysyndromecov2disease	severe acute respiratory syndrome-CoV-2 disease
1	severeacuterespiratorysyndromecoronavirussarscov2relateddisease	severe acute respiratory syndrome coronavirus (SARS-CoV)-2-related disease
1	severeacuterespiratorysyndromecoronavirussarscov2infections	severe acute respiratory syndrome coronavirus (SARS-CoV)-2 infections
1	severeacuterespiratorysyndromecoronavirus2severeacuterespiratorysyndromecoronavirus2infection	severe acute respiratory syndrome coronavirus 2 (severe acute respiratory syndrome coronavirus 2) infection
1	severeacuterespiratorysyndromecoronavirus2sarscov2virusinfection	Severe Acute Respiratory Syndrome - Coronavirus - 2 (SARS-CoV-2) virus infection
1	severeacuterespiratorysyndromecoronavirus2sarscov2relatedpneumonia	severe acute respiratory syndrome coronavirus 2 (SARS-CoV-2)-related pneumonia
1	severeacuterespiratorysyndromecoronavirus2sarscov2orcovid19infections	Severe Acute Respiratory Syndrome Coronavirus 2 (SARS-CoV-2 or COVID-19) infections
1	severeacuterespiratorysyndromecoronavirus2sarscov2orcovid19disease	severe acute respiratory syndrome coronavirus 2 (SARS-CoV-2 or COVID-19) disease
1	severeacuterespiratorysyndromecoronavirus2sarscov2infectedpneumonia	Severe acute respiratory syndrome coronavirus 2 (SARS-CoV-2)-infected pneumonia
1	severeacuterespiratorysyndromecoronavirus2sarscov2diseases	severe acute respiratory syndrome coronavirus-2 (SARS-CoV-2) - diseases
1	severeacuterespiratorysyndromecoronavirus2sarscov2coronavirusdisease	severe acute respiratory syndrome coronavirus-2 (SARS-CoV-2) coronavirus disease
1	severeacuterespiratorysyndromecoronavirus2sarscov2associatedinfection	Severe acute respiratory syndrome coronavirus-2 (SARS-CoV-2)-associated infection
1	severeacuterespiratorysyndromecoronavirus2sarscov2associateddisease	Severe Acute Respiratory Syndrome Coronavirus 2 (SARS-CoV-2) associated disease
1	severeacuterespiratorysyndromecoronavirus2sarscov2associatedcoronavirusdisease	Severe acute respiratory syndrome coronavirus 2 (SARS-CoV-2)-associated coronavirus disease
1	severeacuterespiratorysyndromecoronavirus2sarscov2,covid19infection	severe acute respiratory syndrome coronavirus 2 (SARS-CoV-2, COVID-19) infection
1	severeacuterespiratorysyndromecoronavirus2disease	severe acute respiratory syndrome coronavirus 2 disease
1	severeacuterespiratorysyndromecoronavirus2covid19pneumonia	severe acute respiratory syndrome coronavirus-2 (COVID-19) pneumonia
1	severeacuterespiratorysyndromecoronavirus2associateddisease	severe acute respiratory syndrome coronavirus-2-associated disease
1	severeacuterespiratorysyndromecoronavirus2associatedcoronavirusdisease	severe acute respiratory syndrome coronavirus 2 associated coronavirus disease
1	severeacuterespiratorysyndromeassociatedcoronavirus2sarscov2infection	severe acute respiratory syndrome associated coronavirus-2 (SARS-CoV-2) infection
1	sarscov2virusinfected	SARS-CoV-2 virus infected
1	sarscov2severeacuterespiratorysyndromecoronavirus2relatedpneumonia	SARS-CoV-2 (Severe Acute Respiratory Syndrome Coronavirus 2)-related pneumonia
1	sarscov2severeacuterespiratorysyndromecoronavirus2infections	SARS-CoV-2 (Severe Acute Respiratory Syndrome Coronavirus 2) infections
1	sarscov2severeacuterespiratorysyndromcoronavirus2infections	SARS-CoV-2 (Severe-Acute-Respiratory-Syndrom-Corona-Virus-2) infections
1	sarscov2relatedsyndromes	SARS-CoV-2-related syndromes
1	sarscov2relatedinfection	SARS-CoV-2-related infection
1	sarscov2relatedillness	SARS-Cov2 related illness
1	sarscov2previously2019ncovinfection	SARS-CoV-2 (previously 2019-nCoV) infection
1	sarscov2pneumonias	SARS-CoV-2 pneumonias
1	sarscov2infectiousdisease	SARS-CoV-2 Infectious Disease
1	sarscov2infecteddisease	SARS-CoV-2-infected disease
1	sarscov2hcov19infection	SARS-CoV-2 (HCoV-19) infection
1	sarscov2covid19pneumonia	SARS-CoV-2 (COVID-19) pneumonia
1	sarscov2covid19disease	SARS-CoV-2 (COVID-19) disease
1	sarscov2cov19infection	SARS-CoV-2 (CoV-19) Infection
1	sarscov2coronavirusinfections	SARS-CoV-2 coronavirus infections
1	sarscov2coronavirus2infection	SARS-CoV-2 (coronavirus-2) infection
1	sarscov2associatedinfection	SARS-CoV-2-associated infection
1	sarscov2ards	SARS-CoV-2 ARDS
1	sarscov2acuterespiratorydistresssyndrome	Sars-Cov-2 Acute Respiratory Distress Syndrome
1	sarscov2acuterespiratorydisease	SARS-CoV-2 acute respiratory disease
1	sarscov19infection	SARS-CoV-19 infection
1	sarscoronavirus2sarscov2associatedcoronavirusdisease	SARS-coronavirus 2 (SARS-CoV-2) associated Coronavirus Disease
1	sarscoronavirus2pneumonia	SARS-Coronavirus-2 pneumonia
1	sarscoronavirus2disease	SARS-coronavirus 2 disease
1	respiratorysyndromecausedbysevereacuterespiratorysyndromecoronavirus2	respiratory syndrome caused by severe acute respiratory syndrome coronavirus 2
1	respiratorypneumoniacausedbynovelsevereacuterespiratorysyndromecoronavirus2	respiratory pneumonia caused by novel severe acute respiratory syndrome coronavirus 2
1	respiratoryinfectiousdiseasecausedbysarscov2	respiratory infectious disease caused by SARS-CoV-2
1	respiratoryinfectioncausedby2019ncov	respiratory infection caused by 2019-nCoV
1	respiratoryillnessduetonovelsevereacuterespiratorysyndromecoronavirus2	respiratory illness due to novel severe acute respiratory syndrome coronavirus 2
1	respiratoryillnesscovid19duetosevereacuterespiratorysyndromesarscov2coronavirus	respiratory illness (COVID-19) due to severe acute respiratory syndrome (SARS)-CoV-2 coronavirus
1	respiratoryillnesscausedbysevereacuterespiratorysyndromecoronavirus2	respiratory illness caused by severe acute respiratory syndrome coronavirus 2
1	respiratoryillnesscausedbysarscov2	respiratory illness caused by SARS-CoV-2
1	respiratorydiseaseduetosarscov2	respiratory disease due to SARS-CoV-2
1	respiratorydiseasecausedbysarscov2	respiratory disease caused by SARS-CoV-2
1	pneumoniacovid19causedbynovelcoronavirus	pneumonia (COVID-19) caused by novel coronavirus
1	pneumoniacausedbynovelcoronavirus2019	pneumonia caused by novel coronavirus 2019
1	pneumoniacausedby2019novelcoronavirus	pneumonia caused by 2019 novel coronavirus
1	novelsevereacuterespiratorysyndromecoronavirus2sarscov2infectiousdisease	novel severe acute respiratory syndrome coronavirus 2 (SARS-CoV-2) infectious disease
1	novelsevereacuterespiratorysyndromecoronavirus2infection	novel Severe Acute Respiratory Syndrome coronavirus 2 infection
1	novelsarscov2disease	Novel SARS-Cov-2 Disease
1	novelsarscoronavirus2infection	Novel SARS Coronavirus 2 Infection
1	novelcovsinfections	novel CoVs infections
1	novelcovrespiratorydisease	novel CoV respiratory disease
1	novelcovdisease	novel CoV disease
1	novelcoronavirussevereacuterespiratorysyndromecoronavirus2pneumonia	novel coronavirus (severe acute respiratory syndrome coronavirus 2) pneumonia
1	novelcoronavirussarscov2infected	novel coronavirus (SARS-CoV-2) infected
1	novelcoronavirusrespiratoryillness	novel coronavirus respiratory illness
1	novelcoronavirusrelatedacuterespiratorydistresssyndrome	Novel coronavirus-related acute respiratory distress syndrome
1	novelcoronaviruspneumoniancpcausedbysarscov2	novel coronavirus pneumonia (NCP) caused by SARS-CoV-2
1	novelcoronaviruspneumoniancpcausedby2019novelcoronavirus	novel coronavirus pneumonia(NCP) caused by 2019 novel coronavirus
1	novelcoronaviruspneumoniainfections	Novel Coronavirus Pneumonia Infections
1	novelcoronaviruspneumoniainfected	novel coronavirus pneumonia infected
1	novelcoronaviruspneumoniadisease	novel coronavirus pneumonia disease
1	novelcoronaviruspneumoniacovid19causedbysevereacuterespiratorysyndromecoronavirus2	novel coronavirus pneumonia (COVID-19) caused by severe acute respiratory syndrome coronavirus 2
1	novelcoronaviruspneumoniacoronavirusdisease	novel coronavirus pneumonia Coronavirus Disease
1	novelcoronaviruspneumoniacausedby2019novelcoronavirus	novel coronavirus pneumonia caused by 2019 novel coronavirus
1	novelcoronavirusncovinfection	Novel Coronavirus (nCoV) Infection
1	novelcoronavirusinfectious	novel coronavirus infectious
1	novelcoronavirusinfectiondisease	novel coronavirus infection disease
1	novelcoronavirusdiseasecovid19	novel coronavirus disease (COVID)-19
1	novelcoronavirusdiseasecausedbysarscov2	novel coronavirus disease caused by SARS-CoV-2
1	novelcoronavirusdisease2019infections	Novel Coronavirus Disease 2019 Infections
1	novelcoronavirusdisease19ncov19infection	novel coronavirus disease-19 (nCoV-19) infection
1	novelcoronaviruscovid19or2019covinfection	novel coronavirus (COVID-19 or 2019-CoV) infection
1	novelcoronaviruscovid19infectionpneumonia	novel coronavirus (COVID-19) infection pneumonia
1	novelcoronaviruscovid19infectedpneumonia	Novel coronavirus (COVID-19)-infected pneumonia
1	novelcoronaviruscovid19infecteddisease	novel coronavirus (COVID-19) infected disease
1	novelcoronaviruscovid19disease	Novel corona virus (COVID-19) disease
1	novelcoronaviruscovdisease2019	novel coronavirus (CoV) disease 2019
1	novelcoronaviruscoronavirusdisease	novel coronavirus Coronavirus Disease
1	novelcoronavirusassociatedpneumonia	novel coronavirus-associated pneumonia
1	novelcoronavirusassociatedinfectiousdisease	novel coronavirus-associated infectious disease
1	novelcoronavirus2disease	novel coronavirus 2 disease
1	novelcoronavirus2019sarscov2infection	novel Coronavirus 2019 (SARS-CoV-2) infection
1	novelcoronavirus2019ncovpneumonia	novel coronavirus (2019-nCoV) pneumonia
1	novelcoronavirus2019ncovinfections	Novel Coronavirus (2019-nCoV) Infections
1	novelcoronavirus2019ncovacuterespiratorydiseaseinfections	novel coronavirus (2019-nCoV) acute respiratory disease infections
1	novelcoronavirus2019illness	novel coronavirus 2019 illness
1	novelcoronavirus2019 2019ncovinfected	novel coronavirus 2019 (2019-nCoV) infected
1	novelcoronavirus19infection	Novel coronavirus 19 infection
1	novelcoronavirus19disease	Novel coronavirus-19 disease
1	newsevereacuterespiratorysyndromecoronavirus2infection	new severe acute respiratory syndrome coronavirus 2 infection
1	newsarscov2infections	new SARS-CoV-2 infections
1	newcoronavirussarscov2disease	new coronavirus(SARS-CoV-2) disease
1	newcoronavirusrelateddisease	new coronavirus-related disease
1	newcoronaviruspneumoniacovid19causedby2019novelcoronavirus	new coronavirus pneumonia (COVID-19) caused by 2019 novel coronavirus
1	newcoronaviruspneumoniacausedby2019newcoronavirus	new coronavirus pneumonia caused by 2019 new coronavirus
1	newcoronavirusinfectiousdisease	new coronavirus infectious disease
1	newcoronavirusinfections	new coronavirus infections
1	newcoronavirusdisease2019infection	new coronavirus disease 2019 infection
1	newcoronavirusdisease2019covid19infection	new Coronavirus Disease 2019 (COVID-19) infection
1	newcoronavirusdisease19	new coronavirus disease 19
1	newcoronavirus2019disease	new coronavirus 2019 disease
1	ncpinfection	NCP infection
1	ncov19infectiondisease	NCoV-19 infection disease
1	infectiousrespiratoryillnesscausedbysarscov2	infectious respiratory illness caused by SARS-CoV-2
1	infectiousrespiratorydiseasecausedbysevereacuterespiratorysyndromecoronavirus2	infectious respiratory disease caused by severe acute respiratory syndrome coronavirus 2
1	infectiouspneumoniacausedby2019novelcoronavirus	infectious pneumonia caused by 2019 Novel Coronavirus
1	infectiousdiseasecausedbynovelsevereacuterespiratorysyndromecoronavirus2	infectious disease caused by novel Severe Acute Respiratory Syndrome coronavirus-2
1	infectiousdiseasecausedbynovelcoronavirus	infectious disease caused by novel coronavirus
1	infectiousdiseasecausedbycoronavirus2019ncov	infectious disease caused by coronavirus 2019-nCoV
1	infectiousdiseasecausedbycoronavirus19	infectious disease caused by coronavirus 19
1	infectiousdiseasecausedbyacuterespiratorysyndromecoronavirus2	infectious disease caused by acute respiratory syndrome coronavirus 2
1	infectiousdiseasecausedby2019novelcoronavirus	infectious disease caused by 2019 novel coronavirus
1	infectiousdiseasecausedby2019ncov	infectious disease caused by 2019-nCoV
1	infectionsfromsarscov2	infections from SARS-CoV-2
1	infectionscausedbysarscov2virus	infections caused by SARS-COV-2 virus
1	infectionscausedby2019ncov	infections caused by 2019-nCoV
1	infectionfromsevereacuterespiratorysyndromecoronavirus2	infection from severe acute respiratory syndrome coronavirus 2
1	infectiondiseasecausedbysarscov2	infection disease caused by SARS-CoV-2
1	infectioncausedbysevereacuterespiratorysyndromecoronavirus2virus	infection caused by severe acute respiratory syndrome-coronavirus-2 virus
1	infectioncausedbynovelcoronavirus	Infection caused by novel coronavirus
1	infectioncausedby2019novelcoronavirus	infection caused by 2019 novel coronavirus
1	illnessfromsarscov2	illness from SARS-CoV-2
1	illnessduetosevereacuterespiratorysyndromecoronavirus2	illness due to severe acute respiratory syndrome coronavirus-2
1	hcov19infected	HCOV-19 infected
1	disorderscausedbysarscov2	disorders caused by SARS-CoV-2
1	diseasescausedbynovelcoronavirus	diseases caused by novel coronavirus
1	diseaseduetosevereacuterespiratorysyndromecoronavirus2	disease due to severe acute respiratory syndrome coronavirus 2
1	diseaseduetosarscov2	disease due to SARS-CoV-2
1	diseaseduetocoronavirus2019	disease due to coronavirus 2019
1	diseasedueto2019novelcoronavirus	Disease due to 2019 Novel Coronavirus
1	diseasecovid19duetosevereacuterespiratorysyndromecoronavirus2	disease (Covid-19) due to severe acute respiratory syndrome coronavirus 2
1	diseasecausedbysevereacuterespiratorysyndromerelatedcoronavirus2	disease caused by severe acute respiratory syndrome-related coronavirus-2
1	diseasecausedbysevereacuterespiratorysyndromecoronaviruscov2	disease caused by severe acute respiratory syndrome coronavirus (CoV)-2
1	diseasecausedbysevereacuterespiratorysyndromeassociatedcoronavirus2	disease caused by severe acute respiratory syndrome-associated coronavirus-2
1	diseasecausedby2019ncov	disease caused by 2019-nCoV
1	covsdisease	CoVs disease
1	covinfectiousdiseases	CoV infectious diseases
1	covillness	CoV illness
1	covidsyndrome	COVID Syndrome
1	covidrelatedpneumonias	COVID related pneumonias
1	covidrelatedillness	COVID related illness
1	covidrelateddiseases	COVID-related diseases
1	covid2019ards	COVID-2019 ARDS
1	covid19virusinfections	COVID-19 virus infections
1	covid19virusinfected	COVID-19 virus-infected
1	covid19sarscov2associatedards	COVID-19 (SARS-CoV-2)-associated ARDS
1	covid19relatedsyndrome	Covid-19-Related Syndrome
1	covid19relatedinfection	COVID-19-related infection
1	covid19pneumoniainfections	COVID-19 pneumonia infections
1	covid19pneumoniainfected	COVID-19 pneumonia infected
1	covid19novelcoronaviruscovdisease	COVID-19 novel coronavirus (CoV) disease
1	covid19infectiouspneumonia	Covid-19 infectious pneumonia
1	covid19infectiousdiseases	COVID-19 infectious diseases
1	covid19infectionpneumonia	COVID-19 infection pneumonia
1	covid19diseaseinfection	COVID-19 disease infection
1	covid19diseaseinfected	COVID-19 disease infected
1	covid19coronavirussarscov2infection	COVID-19 coronavirus (SARS-CoV-2) infection
1	covid19coronavirusinfections	COVID-19 coronavirus infections
1	covid19coronavirusdisease2019pneumonia	COVID-19 (coronavirus disease-2019) pneumonia
1	covid19coronavirusdisease2019infection	COVID-19 (coronavirus disease-2019) infection
1	covid19cacinfection	COVID-19 (CAC) infection
1	covdiseaseof2019	CoV disease of 2019
1	covdisease19	CoV disease-19
1	cov2infections	CoV-2 infections
1	coronavirussarscov2disease2019	Coronavirus (SARS-CoV-2) disease 2019
1	coronavirusinfectiousdisease2019covid19pneumonia	coronavirus infectious disease-2019 (COVID-19) pneumonia
1	coronavirusinfectioncausedbysarscov2	Coronavirus infection caused by SARS-CoV-2
1	coronavirusesdisease2019	Coronaviruses disease 2019
1	coronavirusesdisease	Coronaviruses disease
1	coronavirusdiseases2019covid19pneumonia	coronavirus diseases 2019 (COVID-19) pneumonia
1	coronavirusdiseases19	Coronavirus diseases-19
1	coronavirusdiseasepneumonia	coronavirus disease pneumonia
1	coronavirusdiseaseof2019covid19infections	coronavirus disease of 2019 (COVID-19) infections
1	coronavirusdiseaseduetosarscov2	Coronavirus disease due to SARS-CoV-2
1	coronavirusdiseasecovidof2019	coronavirus disease (COVID) of 2019
1	coronavirusdiseasecovid19infections	coronavirus disease (COVID-19) infections
1	coronavirusdiseasecovid19causedbysarscov2virus	coronavirus disease (COVID-19) caused by SARS-CoV-2 virus
1	coronavirusdiseasecovid19causedbysarscoronavirus2	coronavirus disease (COVID-19) caused by SARS coronavirus-2
1	coronavirusdiseaseassociatedpneumonia	coronavirus disease-associated pneumonia
1	coronavirusdisease2019relatedillnesses	coronavirus disease 2019-related illnesses
1	coronavirusdisease2019relatedillness	Coronavirus Disease 2019-Related Illness
1	coronavirusdisease2019disease	coronavirus disease 2019 disease
1	coronavirusdisease2019covid2019infection	Coronavirus Disease 2019 (COVID-2019) Infection
1	coronavirusdisease2019covid2019illness	coronavirus disease 2019 (COVID-2019) illness
1	coronavirusdisease2019covid19syndrome	coronavirus disease 2019 (COVID-19) syndrome
1	coronavirusdisease2019covid19relatedpneumonia	Corona Virus Disease 2019 (COVID-19)-related pneumonia
1	coronavirusdisease2019covid19relatedacuterespiratorydistresssyndrome	coronavirus disease-2019 (COVID-19)-related acute respiratory distress syndrome
1	coronavirusdisease2019covid19infectionpneumonia	coronavirus disease 2019 (COVID-19) infection pneumonia
1	coronavirusdisease2019covid19associatedillness	coronavirus disease 2019 (COVID-19)-associated illness
1	coronavirusdisease2019covid19acuterespiratorydistresssyndrome	coronavirus disease 2019 (COVID-19) acute respiratory distress syndrome
1	coronavirusdisease2019associateddiseases	coronavirus disease 2019-associated diseases
1	coronavirusdisease2019associatedacuterespiratorydistresssyndrome	Coronavirus Disease 2019-associated Acute Respiratory Distress Syndrome
1	coronavirusdisease2019ards	Coronavirus Disease 2019 ARDS
1	coronavirusdisease19covid19relatedpneumonia	coronavirus disease-19 (COVID-19)-related pneumonia
1	coronavirus2sarscov2infections	coronavirus 2 (SARS-CoV-2) infections
1	coronavirus2019respiratorydisease	coronavirus 2019 respiratory disease
1	coronavirus2019ncovdisease	coronavirus 2019-NcoV disease
1	coronavirus2019infections	coronavirus 2019 infections
1	coronavirus2019diseaseinfection	coronavirus 2019 disease infection
1	coronavirus2019diseasecovid19infection	Coronavirus 2019 Disease (COVID-19) Infection
1	coronavirus2019covid19pneumonia	coronavirus 2019 (COVID-19) pneumonia
1	coronavirus19diseasecovid19pneumonia	Coronavirus-19 disease (COVID-19) pneumonia
1	coronavirus19covid19pneumonia	coronavirus-19 (COVID-19)-pneumonia
1	coronavirus19covid19infections	Coronavirus-19 (COVID-19) infections
1	coronavirus19covid19disease	coronavirus-19 (COVID-19) disease
1	coronavirus19cov19orsarscov2infection	coronavirus-19 (CoV-19 or SARS-CoV-2) infection
1	ardsduetosarscov2	ARDS due to SARS-CoV-2
1	acuterespiratorysyndromesarscausedbysarscov2	acute respiratory syndrome (SARS) caused by SARS-CoV-2
1	acuterespiratorysyndromecoronavirus2sarcov2infection	acute respiratory syndrome coronavirus 2 (SAR-CoV-2) infection
1	acuterespiratorysyndromecoronavirus2infection	acute respiratory syndrome coronavirus 2 infection
1	acuterespiratorysyndromecausedbysevereacuterespiratorysyndromecoronavirus2	acute respiratory syndrome caused by severe acute respiratory syndrome coronavirus 2
1	acuterespiratorysyndromecausedbysarscov2	acute respiratory syndrome caused by SARS-CoV-2
1	acuterespiratorysyndromecausedbynovelcoronavirus2019	acute respiratory syndrome caused by Novel Coronavirus 2019
1	acuterespiratoryinfectionsfromsarscov2	ACUTE RESPIRATORY INFECTIONS FROM SARS-COV-2
1	acuterespiratoryinfectionscausedby2019ncov	Acute Respiratory Infections Caused by 2019-nCoV
1	acuterespiratoryinfectioncausedbysevereacuterespiratorysyndromecoronavirus2	acute respiratory infection caused by severe acute respiratory syndrome coronavirus 2
1	acuterespiratorydistresssyndromesarsduetosarscov2	acute respiratory distress syndrome (SARS) due to SARS-CoV-2
1	acuterespiratorydistresssyndromeardscausedbysarscov2	Acute respiratory distress syndrome (ARDS) caused by SARS-CoV-2
1	acuterespiratorydiseasecausedbysarscov2	acute respiratory disease caused by SARS-CoV-2
1	acuterespiratorydiseasecausedby2019novelcoronavirus	Acute respiratory disease caused by 2019 novel coronavirus
1	2019novelcoronavirussarscov2infections	2019 novel coronavirus (SARS-CoV-2) infections
1	2019novelcoronavirussarscov2diseases	2019 novel coronavirus (SARS-CoV-2) diseases
1	2019novelcoronavirusncovinfection	2019-novel coronavirus (nCoV) infection
1	2019novelcoronavirusinfectious	2019-novel coronavirus infectious
1	2019novelcoronavirusinfecteddisease	2019 novel coronavirus-infected disease
1	2019novelcoronavirusesdisease	2019 novel coronaviruses disease
1	2019novelcoronavirusdiseasecovid19pneumonia	2019 novel coronavirus disease (COVID-19) pneumonia
1	2019novelcoronaviruscovid19infections	2019 novel coronavirus (COVID-19) infections
1	2019novelcoronaviruscovid19disease	2019 novel coronavirus (COVID-19) disease
1	2019novelcoronavirus2019ncovrespiratorydisease	2019 Novel Coronavirus (2019-nCoV) respiratory disease
1	2019novelcoronavirus2019ncov,nownamedsarscov2infection	2019 novel coronavirus (2019-nCoV, now named SARS-CoV-2) infection
1	2019newcoronaviruspneumonia	2019 new coronavirus pneumonia
1	2019newcoronavirusdisease	2019 new coronavirus disease
1	2019newcoronaviruscovid19pneumonia	2019 new coronavirus (COVID-19) pneumonia
1	2019ncovorsarscov2infection	2019-nCoV (or SARS-CoV-2) Infection
1	2019ncovinfectious	2019-nCoV infectious
1	2019ncovdiseases	2019-nCoV diseases
1	2019ncovcovid19infection	2019-nCoV (COVID-19) Infection
1	2019ncovcoronavirussyndrome	2019-nCoV coronavirus syndrome
1	2019ncovassociatedinfectiousdiseases	2019-nCoV-associated infectious diseases
1	2019ncovacuterespiratorydiseases	2019-nCoV acute respiratory diseases
1	2019covinfection	2019-CoV infection
1	2019covdisease	2019 CoV disease
1	2019coronavirusinfecteddisease	2019-coronavirus infected disease
1	2019coronavirusinfected	2019-coronavirus-infected
1	2019coronaviruscovid19infection	2019 coronavirus (COVID-19) infection
